id,wb_gap
0100001,0.00048258
0100002,0.00210039
0100003,0.01674776
0100004,0.00853271
0100005,0.01400763
0100006,0.00902811
0100007,0.01728693
0100008,0.01674551
0100009,0.00713268
0100010,0.01133196
0100011,0.01301648
0100012,0.01610142
0100013,0.01296303
0100014,0.01255838
0100015,0.01924475
