id,wb_gap
0100001,-0.00184943
0100002,0.00275868
0100003,0.01159658
0100004,0.00575779
0100005,0.00441582
0100006,0.00559815
0100007,0.01193894
0100008,0.00697049
0100009,0.00711416
0100010,0.00792269
0100011,0.01256573
0100012,0.01181273
0100013,0.00642728
0100014,0.01281077
0100015,0.01460289
