id,wb_seg
0100001,-0.00994795
0100002,-0.00392014
0100003,-0.00233683
0100004,-0.00158269
0100005,-0.00104634
0100006,-0.00070602
0100007,-0.00039898
0100008,-0.00010965
0100009,0.00017205
0100010,0.00048132
0100011,0.00085763
0100012,0.00133222
0100013,0.00209958
0100014,0.00337454
0100015,0.00799035
