id,wb_seg
0100001,-0.01076074
0100002,-0.00456859
0100003,-0.00282586
0100004,-0.00194441
0100005,-0.00141306
0100006,-0.00094476
0100007,-0.00056129
0100008,-0.00017721
0100009,0.00017066
0100010,0.00058486
0100011,0.00105859
0100012,0.00168554
0100013,0.00253398
0100014,0.00391296
0100015,0.00854912
